{
  "checkpoint": "checkpoints/run_chunk0to9/final",
  "split": "val",
  "n_samples": 9814,
  "flow_loss": 0.09240886268312014,
  "per_dim_mae": [
    0.1720639169216156,
    0.17768163979053497,
    0.2194516956806183,
    0.038188084959983826,
    0.04818882793188095,
    0.05531788617372513,
    0.3000781238079071
  ],
  "mean_mae": 0.1444243107523237
}