{
  "baseline": {
    "flow_loss": 0.4808822577446699,
    "mean_mae": 0.557660698890686,
    "mean_mse": 0.6268860896428426,
    "per_dim_mae": [
      0.541199266910553,
      0.4487316310405731,
      0.5013702511787415,
      0.45403143763542175,
      0.7665399312973022,
      0.6340916752815247
    ],
    "per_dim_mse": [
      0.5628015995025635,
      0.3705066740512848,
      0.4722161293029785,
      0.37769821286201477,
      1.0831595659255981,
      0.894934356212616
    ],
    "chunk_mae": {
      "early": 0.3351471076409022,
      "mid": 0.5849094192186991,
      "late": 0.754998912413915
    },
    "median_mae": 0.48315033316612244,
    "p90_mae": 0.8533404469490051,
    "success_rate": 52.999996185302734,
    "avg_steps_before_fail": 21.095,
    "directional_accuracy": 76.01432204246521,
    "gripper_accuracy": 70.4599678516388,
    "pred_smoothness": 0.048506367951631546,
    "gt_smoothness": 0.022183340042829514,
    "smoothness_ratio": 2.186612469446891,
    "temporal_drift_slope": 0.012699093640494605,
    "action_magnitude_bias": [
      0.6417989134788513,
      0.5592333674430847,
      0.7696645259857178,
      0.5859978795051575,
      0.8786087036132812,
      0.7311705946922302
    ],
    "per_step_mae": [
      0.16529330611228943,
      0.19817803800106049,
      0.22591808438301086,
      0.24900320172309875,
      0.27082017064094543,
      0.29603955149650574,
      0.31765878200531006,
      0.3373732268810272,
      0.35910066962242126,
      0.3803398907184601,
      0.39706096053123474,
      0.4094831645488739,
      0.42233213782310486,
      0.43815097212791443,
      0.4513133466243744,
      0.46556544303894043,
      0.48336392641067505,
      0.49699726700782776,
      0.5135467052459717,
      0.5299341678619385,
      0.5457648634910583,
      0.5595793724060059,
      0.5760506391525269,
      0.5886163115501404,
      0.6026511788368225,
      0.6108155250549316,
      0.6239551305770874,
      0.6328643560409546,
      0.6411333084106445,
      0.648158073425293,
      0.655620813369751,
      0.6653988361358643,
      0.675966739654541,
      0.6844349503517151,
      0.6946811676025391,
      0.705684244632721,
      0.7167972326278687,
      0.7318651676177979,
      0.7416229844093323,
      0.7478985786437988,
      0.7540385723114014,
      0.7615417242050171,
      0.7698799967765808,
      0.7765948176383972,
      0.7823843359947205,
      0.7930943369865417,
      0.807114839553833,
      0.8125872611999512,
      0.8271315693855286,
      0.8346878886222839
    ],
    "n_samples": 200,
    "checkpoint": "lerobot/smolvla_base",
    "split": "val"
  },
  "finetuned": {
    "flow_loss": 0.8265923722460866,
    "mean_mae": 0.448497474193573,
    "mean_mse": 0.395615095893542,
    "per_dim_mae": [
      0.4541628062725067,
      0.3594079911708832,
      0.41196608543395996,
      0.4562199115753174,
      0.49868977069854736,
      0.5105382800102234
    ],
    "per_dim_mse": [
      0.38179293274879456,
      0.2772303521633148,
      0.32976266741752625,
      0.36344775557518005,
      0.4730856716632843,
      0.5483711957931519
    ],
    "chunk_mae": {
      "early": 0.3190920948982239,
      "mid": 0.4192139655351639,
      "late": 0.6063781330982844
    },
    "median_mae": 0.40057751536369324,
    "p90_mae": 0.615983784198761,
    "success_rate": 75.5,
    "avg_steps_before_fail": 12.37,
    "directional_accuracy": 83.04404616355896,
    "gripper_accuracy": 81.17812871932983,
    "pred_smoothness": 0.26300954818725586,
    "gt_smoothness": 0.022183340042829514,
    "smoothness_ratio": 11.856174393912804,
    "temporal_drift_slope": 0.008916155325980035,
    "action_magnitude_bias": [
      0.5385838150978088,
      0.4479134976863861,
      0.6324182152748108,
      0.5888224244117737,
      0.5715986490249634,
      0.5887013077735901
    ],
    "per_step_mae": [
      0.3330656886100769,
      0.2816093862056732,
      0.29672566056251526,
      0.29865023493766785,
      0.3081400394439697,
      0.3224406838417053,
      0.30898037552833557,
      0.3128528594970703,
      0.3181353509426117,
      0.31624382734298706,
      0.3275541067123413,
      0.3325337767601013,
      0.33786681294441223,
      0.33502641320228577,
      0.33817705512046814,
      0.3404432237148285,
      0.35346993803977966,
      0.3601154386997223,
      0.3597690463066101,
      0.3811194896697998,
      0.37911567091941833,
      0.3866026997566223,
      0.3964000940322876,
      0.4061603844165802,
      0.42806580662727356,
      0.4315266013145447,
      0.4561356008052826,
      0.4581877589225769,
      0.47183266282081604,
      0.48075801134109497,
      0.48872244358062744,
      0.4822750389575958,
      0.5008596181869507,
      0.5134967565536499,
      0.5165132284164429,
      0.5506694316864014,
      0.5328968167304993,
      0.5439606308937073,
      0.5534132719039917,
      0.57976233959198,
      0.6072846055030823,
      0.6038731932640076,
      0.6330711245536804,
      0.6443580389022827,
      0.6548405885696411,
      0.6839179992675781,
      0.6946045756340027,
      0.7151747345924377,
      0.7220506072044373,
      0.70679771900177
    ],
    "n_samples": 200,
    "checkpoint": "checkpoints/so100_run_v2/final",
    "split": "val"
  }
}