{
  "baseline": {
    "flow_loss": 0.34035298585668844,
    "mean_mae": 0.3642117182413737,
    "mean_mse": 0.2805913835763931,
    "per_dim_mae": [
      0.37479889392852783,
      0.2735790014266968,
      0.3051033914089203,
      0.323051393032074,
      0.430509477853775,
      0.4782281517982483
    ],
    "per_dim_mse": [
      0.29103562235832214,
      0.1373891830444336,
      0.18028193712234497,
      0.19719871878623962,
      0.35246971249580383,
      0.5251731276512146
    ],
    "chunk_mae": {
      "early": 0.22821373492479324,
      "mid": 0.35758650799592334,
      "late": 0.47497474153836566
    },
    "median_mae": 0.316076397895813,
    "p90_mae": 0.6179503202438354,
    "success_rate": 99.67914581298828,
    "avg_steps_before_fail": 19.188770053475935,
    "directional_accuracy": 85.37448644638062,
    "gripper_accuracy": 78.97393703460693,
    "pred_smoothness": 0.05303480848670006,
    "gt_smoothness": 0.0201879870146513,
    "smoothness_ratio": 2.62704787992039,
    "temporal_drift_slope": 0.018767797465163064,
    "action_magnitude_bias": [
      0.4422832727432251,
      0.34201738238334656,
      0.48592621088027954,
      0.39260333776474,
      0.5018730759620667,
      0.5523742437362671
    ],
    "per_step_mae": [
      0.16376860439777374,
      0.19220753014087677,
      0.21798117458820343,
      0.24268808960914612,
      0.2659474015235901,
      0.2878556549549103,
      0.3089393377304077,
      0.3292297124862671,
      0.3487839102745056,
      0.36750882863998413,
      0.38745829463005066,
      0.40451693534851074,
      0.4210154414176941,
      0.4375106394290924,
      0.45247042179107666,
      0.46718257665634155,
      0.4828026592731476,
      0.499218612909317,
      0.5136565566062927,
      0.5277312397956848
    ],
    "n_samples": 1870,
    "checkpoint": "lerobot/smolvla_base",
    "split": "val"
  },
  "finetuned": {
    "flow_loss": 0.3052480087056358,
    "mean_mae": 0.3140896335244179,
    "mean_mse": 0.1750035472214222,
    "per_dim_mae": [
      0.3270935118198395,
      0.24699537456035614,
      0.27992552518844604,
      0.3307434618473053,
      0.31348279118537903,
      0.3862971365451813
    ],
    "per_dim_mse": [
      0.18419481813907623,
      0.10593100637197495,
      0.12986834347248077,
      0.18726535141468048,
      0.17321191728115082,
      0.2695498466491699
    ],
    "chunk_mae": {
      "early": 0.3012520968914032,
      "mid": 0.30389724175135296,
      "late": 0.3318605224291484
    },
    "median_mae": 0.30317795276641846,
    "p90_mae": 0.3950597047805786,
    "success_rate": 100.0,
    "avg_steps_before_fail": 19.175935828877005,
    "directional_accuracy": 89.56149816513062,
    "gripper_accuracy": 86.09327673912048,
    "pred_smoothness": 0.2635952830314636,
    "gt_smoothness": 0.0201879870146513,
    "smoothness_ratio": 13.057036486112315,
    "temporal_drift_slope": 0.0024793090900980335,
    "action_magnitude_bias": [
      0.3859882950782776,
      0.308783620595932,
      0.4458264112472534,
      0.40195149183273315,
      0.36544743180274963,
      0.4461899399757385
    ],
    "per_step_mae": [
      0.33602428436279297,
      0.29722121357917786,
      0.2938361167907715,
      0.2933209240436554,
      0.2938559651374817,
      0.2929505407810211,
      0.2919634282588959,
      0.29621970653533936,
      0.30307644605636597,
      0.3094201683998108,
      0.3115972876548767,
      0.311310738325119,
      0.31292563676834106,
      0.3166985809803009,
      0.3273800313472748,
      0.32851937413215637,
      0.3378835618495941,
      0.3328336179256439,
      0.3453032672405243,
      0.35397642850875854
    ],
    "n_samples": 1870,
    "checkpoint": "checkpoints/so100_run_v2/final",
    "split": "val"
  }
}