{
  "checkpoint": "lerobot/smolvla_base",
  "split": "all",
  "n_samples": 100,
  "flow_loss": 1.5886385798454286,
  "per_dim_mae": [
    0.4195640981197357,
    0.47704318165779114,
    0.7477458119392395,
    1.0652662515640259,
    0.6108602285385132,
    0.6870664358139038,
    0.9997891783714294
  ],
  "mean_mae": 0.7153335980006627
}