{
  "checkpoint": "lerobot/smolvla_base",
  "split": "val",
  "n_samples": 1870,
  "action_dim": 6,
  "state_dim": 6,
  "flow_loss": 9020.435991140512,
  "per_dim_mae": [
    22.909391403198242,
    145.48867797851562,
    142.85716247558594,
    62.616737365722656,
    81.4692611694336,
    9.491218566894531
  ],
  "mean_mae": 77.47207482655843
}