{
  "checkpoint": "checkpoints/so100_run/final",
  "split": "val",
  "n_samples": 1870,
  "action_dim": 6,
  "state_dim": 6,
  "flow_loss": 28.911731290702637,
  "per_dim_mae": [
    9.903623580932617,
    10.838778495788574,
    6.887064456939697,
    6.442062854766846,
    6.590784072875977,
    5.038491249084473
  ],
  "mean_mae": 7.616800785064697
}